year,month,day_num,day_week,there_total_time,there_start_time,there_end_time,there_temp,there_real_feel,there_dew_point,there_air_quality,uv_there,there_weather,back_total_time,back_start_time,back_end_time,back_temp,back_real_feel,back_dew_point,back_air_quality,uv_back,back_weather,hours_sleep,physical_condition,mental_condition,incident?
2022,9,15,Thursday,23,8.32,8.55,59,DNR,DNR,DNR,DNR,sunny,24,5.09,5.33,79,DNR,DNR,DNR,DNR,sunny,9.47,5,6,n
2022,9,16,Friday,23.16,8.12,8.35,63,DNR,DNR,DNR,DNR,sunny,15.52,5.02,5.17,84,DNR,DNR,DNR,DNR,sunny,8.52,6,7,n
2022,9,19,Monday,22.53,8.03,8.26,66,DNR,DNR,DNR,DNR,sunny,DNR,DNR,DNR,DNR,DNR,DNR,DNR,DNR,DNR,8.53,8,8,n
2022,9,20,Tuesday,21.53,8.39,9.01,70,DNR,DNR,DNR,DNR,sunny,18.45,4.46,5.04,90,DNR,DNR,DNR,DNR,mostly sunny,9.26,8,8,n
2022,9,21,Wednesday,23.39,8.26,8.49,67,DNR,DNR,DNR,DNR,sunny,17.13,4.45,5.02,90,DNR,DNR,DNR,DNR,sunny,8.13,7,7,n
2022,9,22,Thursday,22.11,8.33,8.54,70,70,64,56,DNR,mostly sunny,18.13,5.05,5.23,83,86,67,43,DNR,sunny,8.05,6,7,n
2022,9,23,Friday,22.2,8.11,8.33,56,55,42,39,DNR,sunny,18.25,12.37,12.55,71,71,36,23,DNR,sunny,8,6,6,n
2022,9,26,Monday,25.03,9.4,9.15,82,84,62,47,DNR,sunny,21.11,4.44,5.05,79,79,46,31,DNR,sunny,7.43,4,6,n
2022,9,27,Tuesday,24.39,7.43,8.07,51,51,38,48,DNR,mostly sunny,Forgot,Forgot,Forgot,Forgot,Forgot,Forgot,Forgot,DNR,Forgot,8.11,4,7,n
2022,10,3,Monday,26.32,8.34,8.08,53,50,50,37,DNR,cloudy,20.34,4.45,5.05,62,61,44,18,DNR,mostly cloudy,8.22,8,8,n
2022,10,4,Tuesday,23.53,8.36,8,47,47,42,27,DNR,mostly sunny,19,4.39,4.58,68,67,40,34,DNR,mostly cloudy,8.05,8,7,n
2022,10,5,Wednesday,21.34,8.34,8.45,49,49,43,42,DNR,sunny,19.15,4.46,5.05,74,74,52,27,DNR,sunny,9.21,8,7,n
2022,10,6,Thursday,22.13,8.46,8.58,54,54,54,51,DNR,sunny,19.18,4.46,5.06,79,80,53,27,DNR,mostly sunny,9.26,7,7,n
2022,10,10,Monday,24.04,7.42,8.03,53,53,48,63,DNR,mostly cloudy,19.22,4.14,4.33,72,72,45,24,DNR,mostly sunny,7.59,7,8,n
2022,10,11,Tuesday,23.11,7.41,8.04,43,43,41,55,DNR,sunny,19.56,4.25,4.45,73,73,40,24,DNR,sunny,7.3,9,8,n
2022,10,12,Wednesday,23.24,8.21,8.44,55,55,52,56,DNR,mostly cloudy,18.59,4.26,4.45,72,73,55,40,DNR,cloudy,8.59,6,6,n
2022,10,14,Friday,23,8.4,9.03,60,59,47,46,DNR,sunny,18.18,4.28,4.45,72,72,36,25,DNR,sunny,9,8,9,n
2022,10,17,Monday,20.53,8.43,9.03,61,61,60,52,DNR,mostly cloudy,19.22,4.46,5.05,72,72,59,51,DNR,partly cloudy,8.59,7,7,n
2022,10,18,Tuesday,23.24,9.03,9.26,46,41,28,39,DNR,sunny,19.16,4.45,5.04,57,54,38,30,DNR,sunny,9.12,5,6,n
2022,10,19,Wednesday,21.5,9.16,9.38,38,38,32,41,DNR,sunny,19.08,4.45,5.04,58,57,31,21,DNR,partly cloudy,9.41,5,5,n
2022,10,20,Thursday,22.08,9.52,10.14,50,50,36,43,DNR,sunny,19.06,5.26,5.45,61,61,34,27,DNR,sunny,10.19,5,6,n
2022,10,21,Friday,22.33,9.51,10.13,50,50,39,55,DNR,sunny,Forgot,Forgot,Forgot,Forgot,Forgot,Forgot,Forgot,DNR,Forgot,9.31,5,7,n
2022,10,24,Monday,24.17,8.13,8.37,52,52,50,48,DNR,fog,18.09,4.35,4.53,77,78,50,25,DNR,sunny,9.45,8,8,n
2022,10,25,Tuesday,23.35,7.52,8.15,50,50,49,61,DNR,fog,18.14,4.12,4.3,74,74,54,47,DNR,mostly cloudy,8.38,7,8,n
2022,10,26,Wednesday,20.48,9.18,9.38,60,59,58,70,DNR,fog,17.52,4.47,5.03,67,67,61,54,DNR,clloudy,8.23,8,8,n
2022,10,27,Thursday,22.09,8.28,8.5,55,53,45,41,DNR,cloudy,ALT,ALT,ALT,ALT,ALT,ALT,ALT,DNR,ALT,9.58,8,9,n
2022,10,31,Monday,20.35,7.52,8.12,57,57,54,56,DNR,mostly cloudy,18.37,4.22,4.4,68,68,62,26,DNR,rain,7.34,9,8,n
2022,11,1,Tuesday,22,8.16,8.38,60,60,59,50,DNR,cloudy,18.36,4.41,4.59,75,75,51,31,DNR,sunny,8.59,7,8,n
2022,11,2,Wednesday,22.54,7.58,8.2,54,54,51,49,DNR,mostly sunny,19.35,4.31,4.5,67,67,54,26,DNR,mostly sunny,8.08,6,7,n
2022,11,3,Thursday,22.49,7.52,8.14,53,53,51,64,DNR,partly cloudy,18.41,4.22,4.4,73,73,50,34,DNR,mostly sunny,8.19,7,7,n
2022,11,4,Friday,22.48,9.01,9.24,56,56,55,59,DNR,fog,19.57,5.39,5.59,73,73,62,23,DNR,sunny,9.43,6,8,n
2022,11,7,Monday,24.06,8.03,8.27,67,67,65,54,DNR,partly cloudy,20.34,4.54,5.14,78,80,62,40,DNR,partly cloudy,7.17,8,8,n
2022,11,8,Tuesday,22.45,7.4,8.02,57,54,27,51,DNR,sunny,18.53,4.19,4.38,63,62,29,17,DNR,sunny,8.27,6,8,n
2022,11,9,Wednesday,22.29,8.08,8.3,50,46,35,39,DNR,cloudy,18.12,4.24,4.41,62,61,45,30,DNR,partly sunny,8,6,7,n
2022,11,10,Thursday,22.4,8.41,9.03,57,55,50,44,DNR,cloudy,18.49,4.39,4.58,68,68,58,31,DNR,cloudy,9.09,7,6,n
2022,11,14,Monday,25.13,8,8.25,36,36,28,42,DNR,sunny,18.27,4.2,4.38,49,48,29,20,DNR,sunny,7.56,8,8,n
2022,11,15,Tuesday,22.38,8.39,8.01,43,39,36,47,DNR,cloudy,21.27,2.58,3.19,46,45,44,12,DNR,cloudy,8.04,7,8,n
2022,11,17,Thursday,21.51,8.35,8.57,37,33,25,52,DNR,sunny,20.34,5,5.21,44,42,22,29,DNR,clear,8.33,5,7,n
2022,11,18,Friday,21.54,8.38,8.59,34,34,27,58,DNR,sunny,19.4,4.48,5.08,46,44,24,24,DNR,clear,9,7,8,n
2022,11,21,Monday,22.31,8.28,8.5,25,25,19,54,DNR,sunny,19.55,5.16,5.36,43,43,22,23,DNR,clear,9.26,5,8,n
2022,11,22,Tuesday,21.14,8.22,8.43,36,36,29,60,DNR,sunny,19.11,3.46,4.05,60,60,23,29,DNR,mostly sunny,9,7,8,n
2022,11,23,Wednesday,20.23,12.48,1.08,67,67,23,49,DNR,sunny,18.46,3.45,4.04,67,67,23,49,DNR,sunny,9.13,8,9,n
2022,11,29,Tuesday,21.34,8.34,8.55,46,44,40,46,DNR,sunny,20.18,4.47,5.07,59,59,43,44,DNR,sunny,7.37,6,8,n
2022,12,1,Thursday,21.29,8.14,8.35,40,36,20,36,DNR,mostly sunny,19.52,5.04,5.23,42,42,25,17,DNR,mostly clear,8.23,7,8,n
2022,12,2,Friday,Forgot,Forgot,Forgot,Forgot,Forgot,Forgot,Forgot,DNR,Forgot,17.48,5.01,5.17,51,51,36,22,DNR,mostly cloudy,8.45,8,8,n
2022,12,5,Monday,22,8.29,7.51,30,30,29,57,DNR,mostly sunny,18.47,4.08,4.27,50,50,33,25,DNR,partly cloudy,8.25,6,9,n
2022,12,6,Tuesday,22.02,7.05,7.27,47,47,43,43,DNR,cloudy,Forgot,Forgot,Forgot,Forgot,Forgot,Forgot,Forgot,DNR,Forgot,7.52,6,8,n
2022,12,9,Friday,17.26,8.45,9.02,47,44,44,48,DNR,cloudy,Forgot,Forgot,Forgot,Forgot,Forgot,Forgot,Forgot,DNR,Forgot,9.1,7,9,start and stop @ safelite
2022,12,12,Monday,21.36,8,8.21,37,37,34,49,DNR,sunny,17.55,4.3,4.48,47,44,35,31,DNR,mostly cloudy,8.55,6,8,n
2022,12,13,Tuesday,20.29,7.2,7.41,35,35,29,44,DNR,mostly cloudy,16.45,3.44,4,45,43,30,29,DNR,sunny,8.12,8,8,n
2022,12,14,Wednesday,21.17,8.09,8.3,33,33,31,65,DNR,partly cloudy,18.31,4.47,5.05,42,41,35,54,DNR,showers,8.13,6,8,n
2022,12,16,Friday,20.19,9,9.2,39,35,36,48,DNR,partly cloudy,19.21,5.26,5.46,45,43,37,12,DNR,clear,9.12,8,8,n
2022,12,19,Monday,20.16,8.24,8.44,28,28,20,39,DNR,sunny,17.42,3.04,3.22,47,45,21,21,DNR,mostly sunny,8.02,8,8,n
2022,12,20,Tuesday,22.1,8.53,9.15,32,27,23,59,DNR,partly cloudy,DNR,DNR,DNR,DNR,DNR,DNR,DNR,DNR,DNR,8.45,7,8,n
2023,1,3,Monday,19.58,8.04,8.24,52,50,52,60,DNR,partly cloudy,18.54,4.3,4.49,67,67,54,27,DNR,mostly sunny,7.26,9,10,n
2023,1,2,Tuesday,22.22,7.44,8.06,55,54,50,44,DNR,fog,DNR,DNR,DNR,DNR,DNR,DNR,DNR,DNR,DNR,7.48,7,8,n
2023,1,9,Monday,23.23,7.49,8.12,36,36,36,51,DNR,mostly cloudy,17.43,4.37,4.54,52,50,31,20,DNR,sunny,8.38,8,8,n
2023,1,10,Tuesday,22.12,7.12,7.34,29,29,26,50,DNR,sunny,17.5,3.36,3.54,54,55,35,32,DNR,partly cloudy,8.06,7,8,n
2023,1,11,Wendesdy,23.34,8,8.23,32,32,30,61,DNR,sunny,17.4,4.41,4.59,56,55,40,41,DNR,partly cloudy,8.33,7,8,n
2023,1,12,Thursday,21.39,8.34,8.55,51,51,43,61,DNR,cloudy,21.22,4.48,5.08,60,59,56,46,DNR,partly cloudy,8,7,8,alternative route home through the quad
2023,1,13,Friday,22.25,8.56,9.18,48,44,40,42,DNR,partly cloudy,18.06,4.57,5.15,49,46,30,16,DNR,cloudy,7.38,8,8,n
2023,1,17,Tuesday,21.41,7.17,7.38,46,44,30,53,DNR,mostly cloudy,17.54,4.08,4.31,49,48,48,65,DNR,showers,7.33,7,8,n
2023,1,18,Wednesday,22.56,7.33,7.55,48,45,48,59,DNR,cloudy,17.26,4.08,4.31,64,64,46,25,DNR,mostly sunny,8.1,7,7,n
2023,1,19,Thursday,22.03,8.34,8.56,57,56,56,65,DNR,cloudy,19.2,4.47,5.08,68,68,57,43,DNR,cloudy,8.21,8,8,n
2023,1,23,Monday,22.51,8.11,8.33,44,40,41,45,DNR,cloudy,18.2,4.46,5.04,46,43,26,16,DNR,partly cloudy,7.25,5,5,n
2023,1,24,Tuesday,22.12,8.24,8.46,31,31,27,43,DNR,sunny,18,4.26,4.44,56,55,25,21,DNR,sunny,8.26,7,7,n
2023,1,26,Thursday,22.39,7.5,8.12,40,38,34,33,DNR,sunny,18.06,3.35,3.53,52,48,30,16,DNR,mostly cloudy,7.1,7,8,n
2023,2,1,Wednesday,22.32,7.43,8.05,39,33,38,31,DNR,cloudy,21.07,5.05,5.26,40,36,37,6,DNR,cloudy,7.4,8,4,new tires
2023,2,6,Monday,21.09,7.35,7.46,39,35,36,21,DNR,mostly sunny,17.29,4.02,4.2,63,62,25,23,DNR,sunny,7.48,8,4,n
2023,2,7,Tuesday,22,8.06,8.28,33,33,30,60,DNR,sunny,18.13,1.27,1.45,63,62,35,46,DNR,sunny,8.24,7,3,n
2023,2,8,Wednesday,21.12,7.54,8.15,42,42,36,61,DNR,sunny,16.37,4.17,4.33,72,72,44,45,DNR,partly cloudy,8.33,8,4,n
2023,2,10,Friday,21.48,8.29,8.51,61,61,57,54,DNR,partly cloudy,18.2,4.12,4.3,66,66,38,22,DNR,partly cloudy,8.37,8,3,n
2023,2,13,Monday,20.53,8.55,8.15,41,39,31,39,DNR,sunny,17.47,4.31,4.49,65,65,25,17,DNR,sunny,7.56,8,5,n
2023,2,15,Wednesday,23.15,8.11,8.34,48,47,45,50,DNR,mostly sunny,17.31,4.29,4.47,70,70,44,54,DNR,cloudy,8.35,8,4,n
2023,2,20,Monday,21.37,8.05,8.27,48,47,45,51,DNR,mostly sunny,18,4.26,4.44,58,57,45,30,DNR,drizzle,8.17,7,5,n
2023,2,21,Tuesday,21.02,8.23,8.44,52,52,48,67,DNR,partly cloudy,18.31,4.37,4.55,73,73,37,35,DNR,mostly sunny,8.48,7,4,n
2023,2,22,Wednesday,21.21,8.45,9.06,57,57,45,53,DNR,mostly cloudy,18.09,3.49,4.07,74,74,58,40,DNR,mostly sunny,9.05,8,4,n
2023,2,27,Monday,21.53,7.5,8.11,47,47,45,53,DNR,mostly cloudy,17,4.4,4.57,65,65,50,31,DNR,cloudy,8.27,7,6,n
2023,2,28,Tuesday,21.49,8.4,8.01,59,59,47,49,DNR,sunny,17.38,2.46,3.03,77,78,39,31,DNR,sunny,DNR,8,7,n
2023,3,1,Wednesday,21.55,8.03,8.25,50,48,44,51,DNR,cloudy,18.39,4.29,4.47,66,65,50,26,DNR,mostly sunny,DNR,8,8,n
2023,3,3,Friday,21.39,8.35,8.54,57,56,56,58,DNR,cloudy,17.54,5.1,5.17,65,65,58,46,DNR,cloudy,DNR,8,9,n
2023,3,6,Monday,21.25,7.26,7.45,41,41,36,41,DNR,sunny,17.44,2.3,2.47,72,72,42,25,DNR,sunny,DNR,8,8,n
2023,3,7,Tuesday,22.49,7.16,7.39,53,52,88,76,DNR,sunny,18.16,3.47,4.05,71,71,28,35,DNR,sunny,7.12,7,7,n
2023,3,8,Wednesday,23.23,7.19,7.42,39,36,14,36,DNR,sunny,18.08,3.24,3.42,60,60,23,34,DNR,mostly sunny,7.54,8,8,n
2023,3,13,Monday,22.35,7.08,7.3,38,34,36,24,DNR,cloudy,18,3.4,3.58,56,54,35,21,DNR,cloudy,7.31,8,8,n
2023,3,14,Tuesday,21.37,7.18,7.39,31,27,18,22,DNR,sunny,17.26,4,4.17,49,44,19,30,DNR,mostly sunny,7.42,8,9,n
2023,3,15,Wednesday,21.33,7.11,7.32,30,26,58,34,DNR,sunny,17.54,3.59,4.17,56,53,13,37,DNR,sunny,7.31,8,8,n
2023,3,21,Tuesday,25.23,8.42,8.07,29,29,25,56,DNR,mostly sunny,18.45,4.09,4.27,63,63,17,33,DNR,mostly sunny,7.42,8,5,second day post marathon
2023,3,22,Wednesday,23.08,7.55,8.17,47,47,36,56,DNR,cloudy,19.08,4.42,5.01,55,54,45,47,DNR,cloudy,7.22,9,6,third day post marathon
2023,3,24,Friday,21.27,88.34,8.55,59,58,55,75,DNR,sunny,17.28,5.29,5.47,86,86,57,69,DNR,partly cloudy,8.18,8,8,n
2023,3,27,Monday,21.26,6.58,7.2,59,59,59,53,DNR,cloudy,17.59,3.26,3.44,77,77,62,20,DNR,mostly cloudy,7.26,9,8,n
2023,3,28,Tuesday,21.15,7,7.21,49,49,45,52,DNR,mostly sunny,17.3,3.33,3.5,68,68,46,60,DNR,mostly cloudy,7,9,8,n
2023,3,29,Wednesday,22.27,7.03,7.25,42,37,39,40,DNR,mostly cloudy,17.49,3.51,4.09,59,59,35,35,DNR,partly cloudy,7.36,8,8,n
2023,3,30,Thursday,20.26,7.15,7.35,38,38,33,54,DNR,sunny,18.03,3.49,4.07,66,66,30,36,DNR,sunny,8.12,8,7,n
2023,3,31,Friday,22.17,7.43,9.05,54,52,49,46,DNR,sunny,18.14,4.58,5.16,69,69,56,58,DNR,cloudy,9.14,8,9,n
2023,4,3,Monday,21.1,7.11,7.32,42,42,41,44,DNR,sunny,4.25,4.07,18.14,73,73,45,24,DNR,mostly sunny,DNR,8,9,n
2023,4,4,Tuesday,21.37,7.23,7.44,App not working,App not working,App not working,App not working,DNR,App not working,17.35,3.57,4.15,83,83,41,37,DNR,sunny,8,7,8,n
2023,4,5,Wednesday,22.24,7.45,8.07,58,58,57,58,DNR,partly cloudy,17.49,4.25,4.42,85,87,62,59,DNR,partly cloudy,8.07,8,9,n
2023,4,6,Thursday,21.22,7.18,7.39,69,69,66,49,DNR,mostly cloudy,18.15,4.14,4.32,84,88,66,44,DNR,mostly cloudy,8.22,8,8,n
2023,4,10,Monday,20.23,7.14,7.34,36,36,33,34,DNR,sunny,18.22,3.49,4.07,64,64,30,42,DNR,sunny,7.49,8,8,n
2023,4,11,Tuesday,20.26,7.1,7.3,37,37,34,42,DNR,sunny,17.47,3.4,3.57,74,74,34,29,DNR,sunny,7.35,8,8,n
2023,4,12,Wednesday,20.4,7.14,7.34,48,48,38,53,DNR,sunny,19.45,3.51,4.11,81,81,35,33,DNR,sunny,8.13,8,9,n
2023,4,13,Thursday,20.57,7.26,7.46,50,50,42,60,0,sunny,18.24,3.48,4.07,82,82,43,37,4,sunny,8.19,8,8,n
2023,4,17,Monday,21.18,7.1,7.31,54,53,36,31,0,sunny,18.19,4.43,4.01,70,70,35,36,5,sunny,7.51,9,8,n
2023,4,18,Tuesday,21.4,7.33,7.54,44,44,36,41,0,sunny,18.2,3.49,4.07,77,77,36,33,4,sunny,8.27,8,8,n
2023,4,19,Wednesday,20.58,7.23,7.44,52,52,45,52,0,sunny,18.1,4.15,4.33,84,84,46,38,3,sunny,DNR,8,8,n
2023,4,20,Thursday,20.4,7.55,8.15,58,58,52,75,1,mostly sunny,18.17,4.02,4.2,86,86,48,46,3,sunny,8.46,8,8,n
2023,5,1,Monday,21.24,7.23,7.44,46,42,38,32,0,sunny,18.48,4.03,4.22,65,65,38,32,3,mostly cloudy,8.04,8,8,n
2023,5,2,Tuesday,22.02,7.31,7.53,48,45,42,31,0,sunny,18.52,2.19,2.39,68,68,33,25,7,partly cloudy,7.53,8,8,n
2023,5,3,Wednesday,21.15,7.41,8.02,38,34,36,27,0,cloudy,17.1,3.26,3.43,61,60,34,28,5,partly cloudy,10.39,8,9,n
2023,5,22,Monday,21.52,7.17,7.38,55,55,52,67,1,mostly sunny,17.58,3.41,3.59,80,80,50,39,6,partly cloudy,8.23,6,8,n
2023,5,23,Tuesday,22.37,7.25,7.48,58,57,51,62,1,sunny,17.38,4,4.17,77,77,45,55,5,mostly sunny,8.24,5,8,n
2023,5,24,Wednesday,21.53,7.25,7.46,57,56,47,50,1,sunny,18.11,4.05,4.13,76,76,36,35,5,mostly sunny,8.27,6,8,n
2023,5,25,Thursday,20.27,7.26,7.46,56,55,50,49,1,partly cloudy,17.2,3.52,4.09,69,69,55,53,2,cloudy,8.26,7,8,n
2023,5,30,Tuesday,20.25,7.09,7.29,65,65,63,26,0,cloudy,17.41,3.36,3.54,71,71,61,24,3,cloudy,7.51,9,7,n
2023,5,31,Wednesday,21.54,7.21,7.42,62,62,60,22,0,fog,17.48,3.53,4.11,79,80,57,42,5,partly cloudy,8.15,8,7,n
2023,6,1,Thursday,22.42,7.23,7.45,61,61,59,53,1,mostly sunny,18.29,4.07,4.25,75,75,65,31,2,cloudy,7.39,8,9,n
2023,6,2,Friday,21.17,7.3,7.51,67,67,63,26,0,fog,18.1,4.36,4.54,83,83,57,60,4,partly cloudy,8.25,8,8,n
2023,6,5,Monday,20.26,7.11,7.31,59,59,57,31,0,partly cloudy,19.12,3.36,3.55,80,80,52,32,6,partly cloudy,7.43,8,8,n
2023,6,6,Tuesday,20.5,7.21,7.41,64,64,61,53,1,sunny,18.32,3.53,4.12,83,83,51,68,6,sunny,7.48,8,9,n
2023,6,7,Wednesday,20.42,7.15,7.36,63,63,54,120,0,haze,17.51,4.52,4.1,66,66,62,85,4,rain,8.14,8,8,n
2023,6,8,Thursday,20.17,7.21,7.41,59,59,54,65,0,fog,18.59,3.53,4.12,78,78,44,101,5,partly cloudy,8.19,7,7,n
2023,6,9,Friday,22.07,7.3,7.52,55,55,48,95,1,sunny,18.12,3.57,4.15,79,79,45,103,6,mostly sunny,8.3,8,8,n
2023,6,12,Monday,21.55,7.11,7.32,69,69,65,54,0,cloudy,19.09,4.41,5,84,87,65,39,3,mostly cloudy,7.31,8,8,n
2023,6,13,Tuesday,21.4,7.17,7.38,63,63,56,39,0,mostly cloudy,19.09,3.21,3.4,82,82,54,35,6,partly cloudy,8.43,8,8,n
2023,6,14,Wednesday,20.46,7.16,7.27,61,61,53,55,0,sunny,17.3,4.03,4.2,87,87,52,50,5,mostly sunny,8.1,7,6,n
2023,6,15,Thursday,21.44,7.18,7.4,66,66,63,49,0,partly cloudy,18.19,3.59,4.17,85,86,61,53,4,mostly cloudy,8.07,7,8,n
2023,6,16,Friday,21.26,7.35,7.56,69,69,66,68,1,sunny,18.19,4.38,4.57,87,88,60,67,3,rain,7.4,8,8,n
2023,6,21,Wednesday,21,8.02,8.23,66,66,65,70,1,showers,18.16,4.35,4.53,69,69,64,33,2,cloudy,8.29,8,8,start and finish at Konrad Automotive
2023,6,26,Monday,20.38,7.22,7.43,72,72,68,72,1,partly cloudy,19.35,3.56,4.16,90,94,66,41,5,mostly sunny,8.24,8,7,n
2023,6,27,Tuesday,21.15,7.31,7.52,70,70,65,46,1,mostly sunny,18.36,4.19,4.37,83,84,63,44,4,mostly cloudy,7.44,8,8,n
2023,6,28,Wednesday,20.36,7.21,7.41,69,69,61,91,1,sunny,18.03,3.5,4.08,86,87,61,66,6,partly cloudy,7.36,7,8,n
2023,6,29,Thursday,20.55,7.24,7.45,69,69,64,144,1,mostly sunny,17.08,4.05,4.23,85,87,62,117,5,partly cloudy,8.08,7,7,n
2023,7,5,Wednesday,20.43,7.26,7.46,75,75,70,62,1,mostly sunny,17.08,3.45,4.02,86,90,70,45,5,mostly cloudy,DNR,6,7,hung over from 4th of July
2023,7,6,Thursday,20.05,7.36,7.56,73,73,71,40,1,partly cloudy,16.58,4.08,4.25,87,93,70,47,4,mostly cloudy,7.45,8,8,n
2023,7,8,Friday,21.21,8.05,8.26,77,77,72,62,1,mostly sunny,16.21,4.09,4.25,92,100,70,52,5,partly cloudy,7.49,7,8,n
2023,7,11,Tuesday,21.39,7.57,8.18,70,70,64,54,1,mostly sunny,18.49,4.15,4.33,88,89,60,35,5,partly cloudy,8.09,6,8,lungs feel terrible/slight cold
2023,7,13,Thursday,23.29,8.24,8.47,79,83,72,57,2,mostly sunny,17.44,5.2,5.38,89,95,70,43,3,partly cloudy,8.12,7,8,lungs still bad/minor cold
2023,7,17,Monday,20.22,7,7.22,72,74,66,72,0,partly cloudy,16.08,2.24,2.4,90,92,65,106,6,mostly sunny,6.57,8,9,Ended at the doctors on Pickett
2023,7,18,Tuesday,20.21,7.21,7.41,72,74,66,152,1,sunny,16.22,3.59,4.15,92,96,66,92,5,mostly sunny,7.5,8,8,n
2023,7,19,Wednesday,20.42,7.28,7.48,77,82,73,108,1,mostly cloudy,15.48,4.17,4.33,89,95,73,74,4,mostly cloudy,8.2,7,8,n
2023,7,20,Thursday,23.17,7.25,7.48,74,78,69,49,1,mostly sunny,16.24,4.28,4.44,89,95,71,29,3,mostly cloudy,8.38,8,8,n
2023,7,21,Friday,21.08,7.42,8.03,76,80,70,43,1,sunny,15.33,4.2,4.35,91,95,67,34,4,partly cloudy,8.37,7,8,n
2023,7,24,Monday,21.23,7.31,7.52,71,73,69,38,1,mostly cloudy,16.55,4.02,4.28,88,93,70,35,5,mostly sunny,7.5,8,8,n
2023,7,25,Tuesday,22.09,7.45,8.07,74,78,70,53,1,sunny,16.46,3.5,4.07,83,96,66,45,5,mostly cloudy,8.06,7,8,n
2023,7,26,Wednesday,23.28,7.31,7.54,75,78,68,64,1,sunny,16.2,3.55,4.11,95,98,66,55,5,mostly sunny,7.53,7,8,n
2023,8,1,Tuesday,20.57,7.35,7.56,70,72,66,49,1,mostly sunny,16.41,4.16,4.32,86,87,62,32,4,mostly sunny,7.51,7,8,n
2023,8,2,Wednesday,34.35+E150:Z150,7.21,7.55,69,70,63,58,1,sunny,16.45,4.31,4.48,85,85,58,71,3,partly cloudy,8.16,8,8,Stopped at early birds for donuts
2023,8,3,Thursday,22.13,7.52,8.14,70,72,54,62,1,mostly cloudy,15.3,4.12,4.27,75,78,67,36,4,drizzle,8.25,7,8,n
2023,8,4,Friday,21.38,8.26,8.47,71,74,69,66,2,cloudy,17.35,4.28,4.45,79,84,72,46,3,cloudy,8.42,8,8,n
2023,8,7,Monday,21.58,7.39,8,75,79,72,56,1,partly cloudy,17.15,4.43,4,91,98,73,38,5,mostly sunny,8.36,8,7,n
2023,8,9,Wednesday,21.35,7.37,7.59,71,72,63,38,1,sunny,16.56,4.22,4.39,87,89,64,30,4,partly cloudy,7.56,8,8,n
2023,8,15,Tuesday,22.53,7.49,8.11,80,86,74,52,1,mostly sunny,47.29,4.46,5.32,90,98,75,55,4,Thunderstorm,8.33,8,8,Insane storm on the ride home
2023,8,17,Thursday,24.5,7.59,8.23,74,77,70,46,1,partly cloudy,17.05,4.46,5.03,88,94,60,33,3,mostly sunny,8.21,8,7,n
2023,8,18,Friday,20.14,9.01,9.21,77,79,66,61,3,sunny,17.12,5.01,5.18,88,90,64,37,2,mostly sunny,7.55,9,9,n
2023,8,22,Tuesday,22.3,7.49,8.11,74,77,68,63,1,mostly cloudy,17.48,4.29,4.47,92,97,71,54,3,partly cloudy,7.47,8,8,n
2023,8,24,Thurasday,21.5,8.2,8.41,72,73,64,53,2,mostly sunny,17.25,4.53,5.11,79,95,68,52,3,partly cloudy,7.35,8,8,n
2023,8,25,Friday,21.43,7.53,8.15,74,77,68,52,1,partly cloudy,18.46,4.41,5,92,98,73,39,3,partly cloudy,7.48,7,8,n
2023,8,29,Tuesday,21.59,7.29,7.51,72,76,71,31,0,cloudy,17.08,4.08,4.25,86,92,74,43,3,partly cloudy,7.56,7,7,n
2023,9,1,Friday,20.3,9.2,9.4,DNR,DNR,DNR,DNR,DNR,DNR,DNR,DNR,DNR,68,68,58,34,3,sunny,9.33,DNR,DNR,n
2023,9,5,Tuesday,DNR,DNR,DNR,DNR,DNR,DNR,DNR,DNR,DNR,18.18,4.4,4.58,94,100,71,52,2,mostly sunny,8,DNR,DNR,n
2023,9,7,Thursday,21.49,7.47,9.05,79,84,71,76,1,cloudy,18.53,4.55,5.13,90,94,68,56,2,partly cloudy,8.3,DNR,DNR,n
2023,9,8,Friday,21.47,8.16,8.38,75,78,69,61,1,partly cloudy,DNR,DNR,DNR,89,92,66,37,2,thunderstorm,8.24,DNR,DNR,n
2023,9,12,Tuesday,20.06,8.45,9.05,76,79,68,45,2,sunny,17.12,5.1,5.27,84,88,70,43,2,partly cloudy,8.57,DNR,DNR,n
2023,9,14,Thursday,22.08,8.3,8.52,69,70,62,53,1,mostly sunny,17.21,4.5,5.07,81,82,62,31,2,partly cloudy,8.25,DNR,DNR,n
2023,9,15,Friday,21.35,10.13,10.35,59,59,51,45,0,sunny,17.04,4.36,4.53,78,77,51,42,2,sunny,8.14,DNR,DNR,n
2023,9,19,Tuesday,21.41,7.56,8.18,59,59,54,54,0,sunny,18.52,4.19,4.38,80,79,55,40,2,mostly sunny,8.19,DNR,DNR,n
2023,10,3,Tuesday,22.02,7.37,7.59,60,60,58,36,0,sunny,17.2,4.21,4.41,80,81,62,40,2,mostly sunny,8.16,8,8,n
2023,10,6,Friday,21.05,7.48,9.09,66,68,64,54,1,cloudy,18.51,4.41,5.05,78,80,66,17,1,partly cloudy,9.09,5,7,getting over a cold
2023,10,10,Tuesday,21.47,8.41,8.03,51,50,46,46,0,mostly sunny,17.32,4.18,4.35,72,71,54,21,1,partly cloudy,7.03,7,8,n
2023,10,11,Wednesday,22.31,7.43,8.05,55,54,79,43,0,coludy,17.5,4.33,4.51,71,70,53,19,1,cloudy,8.34,7,8,n
2023,10,13,Friday,22.3,8.01,8.23,55,55,53,45,0,mostly sunny,18.41,5,5.19,76,77,59,42,1,sunny,8.33,8,8,n
2023,10,17,Tuesday,21.26,7.43,8.04,47,45,42,32,0,mostly sunny,17.36,4.36,4.53,64,63,47,24,1,partly cloudy,8.14,DNR,DNR,n
2023,10,19,Thursday,22.11,8.19,8.41,50,49,46,49,1,mostly sunny,17.13,4.49,5.06,66,65,51,25,0,mostly cloudy,7.38,DNR,DNR,n
2023,10,20,Friday,21.41,8.33,8.55,58,58,52,53,1,mostly sunny,20.47,5.3,5.51,61,61,56,30,0,mostly cloudy,7.54,DNR,DNR,game day traffic
2023,10,24,Tuesday,21.29,7.44,8.08,41,40,39,57,0,mostly sunny,17.16,3.38,3.55,70,68,43,24,2,sunny,8.28,8,9,n
2023,10,26,Thursday,20.52,8.3,8.5,57,56,54,54,1,partly cloudy,17.13,4.28,5.45,74,75,61,29,0,partly cloudy,9.23,7,8,n
2023,10,27,Friday,20.39,8.58,9.18,62,62,58,65,1,partly cloudy,16.19,4.21,5.37,75,76,61,28,0,mostly sunny,8.2,8,8,n
2023,10,31,Tuesday,22.05,7.59,8.21,51,50,45,30,0,cloudy,17.39,4.47,5.05,49,46,45,34,0,drizzle,8.07,8,8,n
2023,11,2,Thursday,DNR,DNR,DNR,33,29,25,49,0,sunny,17.57,5.1,5.28,51,49,29,27,0,sunny,8.07,DNR,DNR,n
2023,11,3,Friday,21.19,9.01,9.22,38,36,31,69,0,sunny,17.37,5.2,5.37,58,56,38,30,0,sunny,8.52,7,8,n
2023,11,7,Tuesday,22.05,7.5,8.12,53,52,44,84,0,mostly cloudy,19.33,4.24,4.43,72,72,53,54,0,sunny,7.49,8,8,n
2023,11,9,Thursday,22,8.08,8.28,61,60,53,98,1,mostly cloudy,18.18,4.19,4.37,76,76,59,60,0,sunny,8.21,DNR,DNR,n
2023,11,10,Friday,22.17,9.27,9.49,61,59,42,64,2,cloudy,20.17,5.09,5.29,53,52,42,DNR,0,cloudy,7.57,DNR,DNR,n
2023,11,13,Monday,35.55,8.09,8.45,44,42,37,50,1,sunny,31.58,2.01,2.33,62,60,40,37,1,mostly sunny,8.17,DNR,DNR,To and back from Durham Tech
2023,11,15,Wednesday,34.2,8.38,9.12,44,47,38,58,1,cloudy,30.55,11.03,11.34,55,53,38,44,3,cloudy,7.51,DNR,DNR,To and back from Durham Tech
2023,11,16,Thursday,22.22,8.55,9.17,53,52,41,63,1,sunny,19.51,5.07,5.27,61,60,50,27,0,mostly clear,9.34,DNR,DNR,n
2023,11,17,Friday,22.49,8.29,8.51,54,54,50,52,1,partly cloudy,21.16,5.05,5.26,66,66,57,22,0,mostly cloudy,8.26,DNR,DNR,n
2023,11,28,Tuesday,23.18,7.54,8.17,33,28,24,51,0,sunny,18.52,4.37,4.56,42,37,17,26,0,sunny,7.44,8,9,n
